datetime,tempmax,tempmin,temp,dew,humidity,precip,windspeed,visibility,conditions
2020-01-01,33.8,21.2,28.0,17.9,65.9,0.003,3.6,6.5,Snow Rain Overcast
2020-01-02,40.3,31.4,35.0,25.5,68.5,0.003,4.2,5.8,Snow Rain Overcast
2020-01-03,40.4,25.6,32.4,20.2,64.0,0.0,4.8,5.4,Clear
2020-01-04,43.3,23.2,33.8,20.5,59.8,0.0,5.0,6.2,Partially cloudy
2020-01-05,43.6,23.1,33.4,17.9,54.8,0.0,3.1,6.3,Clear
2020-01-06,41.0,30.7,37.2,26.9,67.7,0.039,8.7,5.8,Rain Overcast
2020-01-07,46.5,39.8,43.5,42.2,95.2,1.834,9.0,3.2,Rain Overcast
2020-01-08,49.1,32.8,39.0,35.5,87.5,1.948,12.7,5.1,Snow Rain Overcast
2020-01-09,35.5,27.7,31.7,21.9,67.3,0.0,6.4,5.7,Partially cloudy
2020-01-10,39.1,24.4,31.3,21.3,68.2,0.0,6.2,4.8,Partially cloudy
2020-01-11,39.1,25.3,32.1,22.2,67.9,0.0,6.2,5.7,Partially cloudy
2020-01-12,37.5,27.1,31.7,20.4,63.6,0.0,6.8,6.3,Partially cloudy
2020-01-13,32.6,24.1,28.5,13.6,55.5,0.0,8.1,6.9,Partially cloudy
2020-01-14,35.9,22.2,28.6,11.3,50.3,0.002,5.9,7.0,Snow Rain Partially cloudy
2020-01-15,35.1,21.5,28.3,11.2,49.9,0.0,6.0,6.9,Clear
2020-01-16,37.3,22.1,29.4,11.6,48.6,0.0,7.0,6.9,Partially cloudy
2020-01-17,40.1,21.5,31.0,14.4,51.7,0.0,3.6,6.5,Partially cloudy
2020-01-18,41.9,23.9,32.1,16.2,54.9,0.0,4.8,6.2,Clear
2020-01-19,41.5,30.0,35.5,26.0,68.9,0.023,9.2,5.5,Rain Partially cloudy
2020-01-20,43.4,28.7,34.7,18.8,53.8,0.015,8.0,6.4,Snow Rain Partially cloudy
2020-01-21,40.9,21.2,30.7,10.5,44.6,0.0,3.5,7.1,Partially cloudy
2020-01-22,45.1,31.6,36.9,16.4,44.0,0.0,4.8,7.1,Partially cloudy
2020-01-23,49.2,28.0,39.6,24.9,56.6,0.0,6.8,5.9,Partially cloudy
2020-01-24,45.3,28.3,37.1,27.5,69.4,0.0,5.4,4.2,Partially cloudy
2020-01-25,48.0,30.6,38.7,29.7,70.9,0.0,5.3,5.3,Partially cloudy
2020-01-26,52.8,27.9,41.0,28.7,65.2,0.0,9.7,6.0,Partially cloudy
2020-01-27,46.6,41.6,43.8,26.7,51.4,0.001,12.3,7.5,Rain Overcast
2020-01-28,51.0,40.6,45.5,29.7,54.9,0.005,8.4,7.6,Rain Partially cloudy
2020-01-29,49.6,33.9,42.4,26.7,54.9,0.001,5.0,7.6,Rain Partially cloudy
2020-01-30,49.3,30.4,41.0,25.4,55.4,0.0,4.5,7.6,Partially cloudy
2020-01-31,45.1,33.5,39.3,28.4,65.3,0.0,6.7,6.8,Partially cloudy
2020-02-01,45.7,27.1,36.3,28.0,72.8,0.0,6.9,5.1,Partially cloudy
2020-02-02,42.1,25.7,35.1,20.2,57.8,0.0,6.9,5.3,Partially cloudy
2020-02-03,37.5,29.0,33.1,15.2,48.9,0.0,8.2,7.2,Partially cloudy
2020-02-04,39.4,20.3,30.5,16.1,56.4,0.28,10.5,7.0,Snow Rain Partially cloudy
2020-02-05,23.9,14.0,19.0,-1.1,40.9,0.042,10.2,7.4,Snow
2020-02-06,31.7,12.0,21.0,-0.1,40.1,0.0,5.5,7.6,Clear
2020-02-07,36.8,20.7,29.0,11.0,48.8,0.0,6.3,7.5,Partially cloudy
2020-02-08,39.2,28.5,33.0,17.6,54.5,0.0,11.2,6.6,Partially cloudy
2020-02-09,39.3,23.2,31.1,16.3,55.7,0.0,9.7,7.3,Partially cloudy
2020-02-10,49.4,31.0,39.2,23.6,57.0,0.0,6.9,6.2,Partially cloudy
2020-02-11,57.6,26.3,42.6,21.1,47.2,0.0,6.4,6.5,Partially cloudy
2020-02-12,46.7,41.9,44.9,36.4,75.1,0.115,10.6,3.7,Rain Overcast
2020-02-13,47.4,38.0,44.0,40.9,89.1,0.227,7.8,1.8,Rain Partially cloudy
2020-02-14,57.1,37.3,45.5,38.3,78.3,0.009,4.9,2.6,Rain Partially cloudy
2020-02-15,59.1,35.6,48.3,38.1,70.6,0.025,8.2,4.0,Rain Partially cloudy
2020-02-16,45.7,25.1,32.1,27.5,83.5,0.639,13.1,3.7,Snow Rain Partially cloudy
2020-02-17,27.5,19.9,23.0,14.5,69.5,0.05,11.3,5.2,Snow Partially cloudy
2020-02-18,35.6,18.2,25.4,8.3,49.0,0.0,8.0,8.1,Clear
2020-02-19,44.5,23.8,33.6,21.3,61.8,0.0,6.0,7.1,Partially cloudy
2020-02-20,51.7,29.0,39.6,29.8,70.2,0.0,6.1,4.5,Partially cloudy
2020-02-21,52.8,31.3,43.8,34.4,71.2,0.027,9.0,4.6,Rain Partially cloudy
2020-02-22,46.4,34.0,41.3,30.4,66.9,0.286,21.7,4.9,Rain Partially cloudy
2020-02-23,45.8,29.0,36.9,20.3,52.8,0.0,8.1,8.2,Clear
2020-02-24,54.5,32.5,43.4,29.5,59.2,0.0,6.3,7.5,Partially cloudy
2020-02-25,49.9,42.3,45.1,38.4,78.1,0.771,11.9,6.2,Rain Partially cloudy
2020-02-26,50.9,38.5,44.3,33.2,65.7,0.393,7.1,8.0,Rain Partially cloudy
2020-02-27,52.9,34.8,43.0,29.7,61.7,0.0,6.6,8.1,Partially cloudy
2020-02-28,43.8,36.8,40.5,34.7,80.4,0.102,6.8,5.3,Rain Partially cloudy
2020-02-29,54.5,40.0,45.8,37.6,75.5,0.153,6.6,5.4,Rain Partially cloudy
2020-03-01,49.8,34.2,42.4,36.5,80.0,0.0,7.9,4.6,Partially cloudy
2020-03-02,45.5,33.5,39.2,25.7,60.0,0.007,7.6,6.5,Rain Partially cloudy
2020-03-03,50.8,32.0,40.7,29.0,64.3,0.0,9.7,6.0,Partially cloudy
2020-03-04,42.3,31.4,37.2,24.5,60.8,0.003,19.0,6.2,Snow Rain Partially cloudy
2020-03-05,43.6,27.8,34.8,18.2,52.0,0.0,9.2,7.1,Clear
2020-03-06,49.5,28.6,38.3,21.4,55.1,0.0,6.4,6.9,Partially cloudy
2020-03-07,57.0,35.0,43.8,23.2,46.3,0.0,6.7,6.3,Partially cloudy
2020-03-08,61.9,32.6,47.3,28.7,53.0,0.0,9.0,5.4,Clear
2020-03-09,62.8,40.0,50.7,29.7,47.7,0.0,9.6,5.5,Partially cloudy
2020-03-10,51.2,40.0,45.4,38.8,79.2,0.355,12.5,4.5,Rain Partially cloudy
2020-03-11,46.4,33.0,39.3,19.4,45.7,0.27,11.2,8.0,Rain
2020-03-12,55.7,33.3,44.0,26.0,53.4,0.0,15.6,7.9,Partially cloudy
2020-03-13,47.8,34.9,42.6,21.0,46.6,0.017,11.3,7.4,Rain Partially cloudy
2020-03-14,49.0,28.1,39.0,21.3,50.3,0.004,12.5,7.4,Rain Partially cloudy
2020-03-15,47.9,34.6,40.7,22.3,52.6,0.0,25.3,6.9,Partially cloudy
2020-03-16,47.5,26.8,38.2,18.5,47.7,0.0,8.6,8.1,Clear
2020-03-17,54.3,37.7,44.3,35.0,70.1,0.0,7.9,6.7,Partially cloudy
2020-03-18,62.9,33.5,48.9,29.1,54.7,0.0,7.7,5.4,Clear
2020-03-19,55.4,44.5,49.9,32.4,52.0,0.0,12.9,6.7,Partially cloudy
2020-03-20,56.5,36.6,47.7,25.0,44.8,0.0,9.7,7.5,Clear
2020-03-21,66.2,44.3,54.5,39.7,58.2,0.0,7.1,6.9,Partially cloudy
2020-03-22,61.9,44.2,53.1,29.3,47.6,0.0,9.0,6.7,Clear
2020-03-23,62.2,38.7,50.9,28.4,42.8,0.0,6.2,6.9,Clear
2020-03-24,63.6,39.7,52.0,29.5,45.8,0.0,6.5,6.4,Clear
2020-03-25,66.1,40.5,53.4,30.0,43.2,0.0,7.3,7.0,Partially cloudy
2020-03-26,69.0,44.3,57.6,41.4,58.1,0.005,7.4,6.2,Rain Partially cloudy
2020-03-27,61.3,46.8,55.3,41.5,65.1,0.229,9.5,5.3,Rain Partially cloudy
2020-03-28,54.0,40.9,46.8,8.5,21.3,0.0,8.4,7.6,Partially cloudy
2020-03-29,60.3,32.0,46.7,21.4,37.9,0.0,7.9,7.5,Clear
2020-03-30,61.5,35.8,49.5,26.0,43.6,0.0,6.4,6.9,Clear
2020-03-31,64.9,40.1,52.3,28.7,43.3,0.0,7.0,7.1,Partially cloudy
2020-04-01,64.2,44.5,53.6,28.4,39.2,0.0,13.0,6.8,Partially cloudy
2020-04-02,59.6,38.1,48.9,27.6,47.8,0.0,8.7,7.2,Clear
2020-04-03,61.5,38.3,49.9,33.9,57.3,0.0,8.5,6.0,Clear
2020-04-04,55.6,44.1,49.3,22.1,44.0,0.0,11.6,6.2,Clear
2020-04-05,56.0,36.2,45.6,13.8,30.1,0.0,7.6,7.3,Clear
2020-04-06,60.4,35.3,48.4,26.9,46.7,0.0,8.2,7.2,Clear
2020-04-07,62.0,42.0,51.2,38.7,63.7,0.0,7.5,6.4,Partially cloudy
2020-04-08,58.0,40.7,50.0,17.7,29.5,0.0,9.4,7.5,Clear
2020-04-09,57.5,40.7,49.0,27.2,43.5,0.0,8.6,7.2,Clear
2020-04-10,60.2,40.6,50.8,34.1,54.4,0.0,7.0,7.0,Partially cloudy
2020-04-11,59.4,41.3,50.0,37.2,63.2,0.0,9.0,6.6,Partially cloudy
2020-04-12,58.7,39.6,50.0,35.7,60.4,0.0,15.6,6.6,Partially cloudy
2020-04-13,67.8,41.1,53.8,26.0,38.3,0.0,11.8,7.6,Clear
2020-04-14,66.5,42.8,54.5,32.2,47.2,0.0,9.6,6.8,Clear
2020-04-15,67.7,40.7,55.1,30.4,41.2,0.0,7.8,6.4,Partially cloudy
2020-04-16,73.5,44.7,59.6,35.5,42.6,0.0,7.3,6.6,Clear
2020-04-17,60.7,51.6,55.4,46.8,74.2,0.328,7.2,5.9,Rain Partially cloudy
2020-04-18,66.8,47.8,56.8,45.7,68.5,0.159,8.3,6.8,Rain Partially cloudy
2020-04-19,60.6,50.2,54.5,46.4,75.4,0.605,7.8,6.3,Rain Partially cloudy
2020-04-20,56.8,48.2,51.5,42.8,72.9,0.278,8.4,7.1,Rain Partially cloudy
2020-04-21,51.9,42.0,47.1,27.5,48.8,0.003,13.4,7.5,Rain Partially cloudy
2020-04-22,46.9,40.2,44.3,23.6,44.1,0.0,21.6,7.3,Partially cloudy
2020-04-23,55.6,38.5,47.6,27.3,46.9,0.0,9.2,7.6,Clear
2020-04-24,57.7,39.3,50.3,34.1,55.1,0.0,14.0,7.5,Clear
2020-04-25,63.3,50.6,56.9,39.4,52.0,0.0,12.2,6.8,Partially cloudy
2020-04-26,64.9,43.5,54.7,31.5,44.6,0.0,7.8,7.4,Clear
2020-04-27,64.0,46.9,55.5,36.0,50.8,0.0,7.6,7.2,Partially cloudy
2020-04-28,67.3,44.3,56.5,36.7,50.4,0.0,9.3,7.3,Clear
2020-04-29,69.5,48.0,58.8,38.4,52.0,0.0,8.4,6.4,Clear
2020-04-30,73.9,46.0,61.6,45.6,56.7,0.0,8.4,7.3,Partially cloudy
2020-05-01,79.0,61.9,68.8,59.8,74.0,0.0,10.3,5.9,Partially cloudy
2020-05-02,75.6,64.9,69.4,62.4,79.0,0.0,4.8,5.7,Overcast
2020-05-03,81.0,61.1,71.1,60.4,71.0,0.0,5.8,6.6,Partially cloudy
2020-05-04,76.6,60.0,69.4,56.4,64.2,0.0,8.0,6.7,Partially cloudy
2020-05-05,66.7,54.4,61.0,50.8,69.4,0.001,7.3,6.9,Rain Partially cloudy
2020-05-06,81.0,50.7,65.7,46.3,54.9,0.0,6.5,7.3,Clear
2020-05-07,78.8,58.9,69.3,38.3,33.9,0.0,9.7,8.0,Partially cloudy
2020-05-08,79.4,59.0,68.6,32.1,29.8,0.01,8.5,7.9,Rain Partially cloudy
2020-05-09,62.4,55.7,58.6,56.8,94.0,1.086,11.4,3.1,Rain Partially cloudy
2020-05-10,63.0,55.5,58.4,55.3,89.8,0.506,9.2,3.8,Rain Partially cloudy
2020-05-11,71.3,55.6,62.4,47.3,62.4,0.0,11.8,4.8,Partially cloudy
2020-05-12,65.2,49.1,58.3,48.9,72.4,0.156,14.8,7.1,Rain Partially cloudy
2020-05-13,71.7,50.5,61.1,40.1,50.6,0.0,14.5,8.1,Clear
2020-05-14,78.6,53.5,66.2,38.4,38.3,0.0,8.3,8.2,Partially cloudy
2020-05-15,69.0,59.0,62.3,53.4,76.7,0.358,9.2,5.6,Rain Overcast
2020-05-16,68.3,59.3,62.4,59.7,91.0,0.43,7.0,3.2,Rain Overcast
2020-05-17,76.6,58.5,66.3,60.1,81.7,0.011,7.2,4.2,Rain Partially cloudy
2020-05-18,80.6,56.3,67.1,61.0,82.8,1.214,18.8,4.2,Rain Partially cloudy
2020-05-19,62.6,53.1,56.8,48.6,75.4,1.308,13.6,6.9,Rain Partially cloudy
2020-05-20,67.1,49.2,58.3,44.2,60.2,0.51,7.8,8.1,Rain Partially cloudy
2020-05-21,72.4,52.3,63.0,47.0,57.4,0.0,6.2,7.9,Partially cloudy
2020-05-22,73.0,57.9,65.9,55.1,68.6,0.0,7.4,6.2,Partially cloudy
2020-05-23,76.5,62.0,68.5,56.6,67.3,0.0,10.1,5.4,Partially cloudy
2020-05-24,68.6,58.9,64.1,58.9,83.5,0.58,14.2,5.1,Rain Partially cloudy
2020-05-25,69.8,57.2,62.1,56.5,82.6,0.41,8.5,3.8,Rain Partially cloudy
2020-05-26,72.7,55.0,61.6,55.5,81.8,0.058,9.5,3.9,Rain Partially cloudy
2020-05-27,74.4,53.8,63.7,52.6,70.5,0.058,10.7,7.2,Rain Partially cloudy
2020-05-28,74.3,57.7,65.9,52.3,64.0,0.001,8.2,6.7,Rain Partially cloudy
2020-05-29,80.6,57.1,68.8,56.4,67.4,0.0,8.7,6.6,Partially cloudy
2020-05-30,84.3,60.0,72.6,56.3,59.8,0.0,7.7,7.0,Partially cloudy
2020-05-31,80.3,61.7,70.5,56.5,62.6,0.0,9.3,6.0,Partially cloudy
2020-06-01,76.1,62.1,68.3,54.7,65.4,0.077,14.8,7.1,Rain Partially cloudy
2020-06-02,72.2,58.9,65.0,54.1,68.9,0.076,11.7,7.1,Rain Partially cloudy
2020-06-03,82.4,63.9,71.5,62.7,75.7,0.004,11.1,4.8,Rain Partially cloudy
2020-06-04,80.9,67.6,71.5,65.6,82.6,0.02,12.2,4.4,Rain Partially cloudy
2020-06-05,82.9,65.3,73.1,62.8,72.9,0.0,7.1,5.0,Partially cloudy
2020-06-06,87.6,66.3,76.2,62.9,65.8,0.0,9.5,5.7,Partially cloudy
2020-06-07,83.3,66.4,73.1,62.6,71.1,0.0,9.8,5.5,Partially cloudy
2020-06-08,88.1,66.8,76.5,63.6,66.8,0.0,11.2,6.0,Partially cloudy
2020-06-09,91.4,65.1,79.6,60.6,54.7,0.0,9.7,7.9,Partially cloudy
2020-06-10,89.7,70.6,78.7,64.0,62.9,0.174,12.4,7.2,Rain Partially cloudy
2020-06-11,88.2,71.9,79.0,67.9,71.3,0.256,9.2,7.1,Rain Partially cloudy
2020-06-12,81.3,69.8,76.1,66.4,72.9,0.001,5.7,7.0,Rain Partially cloudy
2020-06-13,91.6,69.0,79.8,62.5,58.3,0.006,9.6,7.3,Rain Partially cloudy
2020-06-14,84.0,69.8,75.9,65.0,71.0,0.014,13.4,5.7,Rain Partially cloudy
2020-06-15,83.6,64.7,73.2,58.6,63.5,0.0,11.7,7.2,Partially cloudy
2020-06-16,86.9,68.1,75.8,62.1,64.4,0.0,9.0,5.0,Partially cloudy
2020-06-17,86.0,65.4,75.4,60.4,61.2,0.0,10.5,6.0,Partially cloudy
2020-06-18,80.2,67.0,73.8,60.6,64.0,0.0,6.8,7.2,Partially cloudy
2020-06-19,84.9,70.0,76.1,62.5,64.0,0.004,8.3,8.0,Rain Partially cloudy
2020-06-20,84.6,67.2,76.6,63.3,64.8,0.0,11.4,7.2,Clear
2020-06-21,90.1,66.9,78.3,62.8,61.5,0.0,7.6,6.9,Clear
2020-06-22,95.2,71.0,82.6,62.3,53.6,0.0,8.7,7.4,Partially cloudy
2020-06-23,88.8,73.7,80.4,62.5,55.2,0.0,7.0,7.5,Partially cloudy
2020-06-24,79.1,68.3,73.4,66.1,79.6,0.931,13.0,5.1,Rain Overcast
2020-06-25,74.1,69.0,71.2,68.2,90.7,1.754,9.1,4.5,Rain Overcast
2020-06-26,78.8,66.5,71.6,65.8,82.9,0.131,11.4,5.3,Rain Partially cloudy
2020-06-27,84.3,68.9,75.3,64.6,70.5,0.0,11.6,7.3,Partially cloudy
2020-06-28,86.0,70.4,77.1,66.8,71.9,0.0,10.3,6.4,Partially cloudy
2020-06-29,80.6,68.0,75.2,66.7,75.6,0.112,11.6,5.6,Rain Partially cloudy
2020-06-30,73.6,65.4,68.6,64.0,85.8,2.934,15.9,5.7,Rain Overcast
2020-07-01,75.5,64.4,70.0,63.3,79.9,0.015,7.7,7.2,Rain Partially cloudy
2020-07-02,84.0,66.6,75.1,65.4,73.1,0.0,4.8,5.1,Partially cloudy
2020-07-03,86.0,70.2,77.9,62.4,61.9,0.0,11.7,6.3,Partially cloudy
2020-07-04,83.9,68.7,75.1,61.8,66.0,0.104,5.2,6.3,Rain Partially cloudy
2020-07-05,82.0,66.7,74.6,62.6,67.2,0.0,5.2,6.6,Partially cloudy
2020-07-06,86.9,71.2,78.3,64.6,63.6,0.0,5.7,7.3,Partially cloudy
2020-07-07,82.3,72.5,76.3,66.4,71.8,0.0,6.0,7.3,Partially cloudy
2020-07-08,86.2,70.5,77.9,67.2,70.9,0.0,6.4,6.2,Partially cloudy
2020-07-09,91.0,70.2,80.5,66.9,66.2,0.0,6.6,5.3,Partially cloudy
2020-07-10,81.7,74.1,77.7,67.0,69.8,0.08,11.8,7.3,Rain Partially cloudy
2020-07-11,85.3,72.5,78.7,63.9,61.3,0.012,8.1,7.0,Rain Partially cloudy
2020-07-12,78.3,71.6,74.8,63.4,68.5,0.132,6.1,7.1,Rain Partially cloudy
2020-07-13,71.6,64.1,66.6,64.3,92.5,2.041,8.9,4.8,Rain Overcast
2020-07-14,75.4,63.2,68.9,61.4,78.0,1.903,8.7,6.9,Rain Overcast
2020-07-15,82.8,66.7,73.7,59.4,62.4,0.0,6.4,7.6,Partially cloudy
2020-07-16,84.8,67.8,76.7,65.5,69.4,0.0,5.8,7.2,Partially cloudy
2020-07-17,87.6,70.3,78.7,68.3,71.5,0.0,5.3,6.4,Partially cloudy
2020-07-18,86.2,72.0,78.7,68.5,71.7,0.0,5.9,6.1,Partially cloudy
2020-07-19,81.2,69.1,76.0,68.6,78.7,1.588,13.9,6.6,Rain Overcast
2020-07-20,80.8,72.9,76.1,71.0,84.4,0.343,14.9,7.0,Rain Overcast
2020-07-21,86.3,70.9,77.7,68.0,73.6,0.021,5.8,6.1,Rain Partially cloudy
2020-07-22,77.5,72.4,74.6,71.5,90.1,0.528,5.3,5.6,Rain Overcast
2020-07-23,73.2,66.7,71.0,69.0,93.6,2.627,10.8,3.6,Rain Overcast
2020-07-24,80.6,66.3,73.3,63.3,71.4,2.729,12.8,7.4,Rain Overcast
2020-07-25,82.3,72.3,76.7,64.1,65.4,0.074,10.8,7.6,Rain Overcast
2020-07-26,84.2,71.3,77.6,65.8,67.2,0.0,5.8,7.6,Partially cloudy
2020-07-27,78.5,72.9,75.9,71.4,86.1,0.087,5.5,7.0,Rain Partially cloudy
2020-07-28,79.2,72.8,75.9,70.8,84.7,0.013,4.2,7.5,Rain Overcast
2020-07-29,78.5,73.1,75.1,73.8,95.5,2.058,5.4,5.7,Rain Overcast
2020-07-30,82.6,74.3,77.9,73.3,86.4,1.166,5.3,5.8,Rain Partially cloudy
2020-07-31,85.2,73.8,79.4,73.3,82.0,0.01,5.3,6.4,Rain Partially cloudy
2020-08-01,82.6,75.2,78.0,74.8,89.9,2.155,6.8,6.4,Rain Overcast
2020-08-02,80.8,74.8,76.9,75.5,95.4,1.961,10.3,4.3,Rain Overcast
2020-08-03,80.6,74.7,77.8,75.7,93.3,4.395,10.2,5.5,Rain Overcast
2020-08-04,85.5,77.1,81.3,76.8,86.4,1.342,8.6,5.3,Rain Overcast
2020-08-05,85.0,78.3,80.3,77.4,91.2,0.515,6.2,5.4,Rain Partially cloudy
2020-08-06,79.9,73.8,76.4,73.5,90.8,4.85,10.6,5.2,Rain Partially cloudy
2020-08-07,80.3,72.3,76.1,70.7,83.8,0.026,5.0,6.4,Rain Partially cloudy
2020-08-08,78.6,72.8,75.9,71.9,87.9,0.625,5.2,6.7,Rain Partially cloudy
2020-08-09,79.7,74.9,77.5,75.4,93.5,2.824,10.7,5.2,Rain Overcast
2020-08-10,86.5,77.9,80.2,77.0,90.7,2.244,6.6,6.1,Rain Overcast
2020-08-11,82.0,72.5,76.8,74.1,91.6,6.313,5.6,5.3,Rain Overcast
2020-08-12,88.0,74.2,80.9,75.5,84.3,0.017,5.4,6.7,Rain Partially cloudy
2020-08-13,88.0,79.2,83.0,76.4,81.0,0.004,6.6,6.5,Rain Partially cloudy
2020-08-14,84.4,80.3,81.9,76.5,83.7,0.01,8.1,6.3,Rain Overcast
2020-08-15,81.6,77.3,79.4,78.0,95.5,3.054,5.5,3.7,Rain Overcast
2020-08-16,88.4,77.3,82.0,75.6,81.8,0.615,7.2,6.5,Rain Partially cloudy
2020-08-17,91.0,78.6,83.3,74.9,76.8,0.0,5.7,6.7,Partially cloudy
2020-08-18,89.1,74.6,81.4,73.2,77.6,0.0,6.2,6.2,Partially cloudy
2020-08-19,88.6,74.2,81.1,72.8,76.9,0.0,6.4,5.8,Partially cloudy
2020-08-20,90.9,76.0,82.1,73.2,75.9,0.0,6.2,5.8,Partially cloudy
2020-08-21,85.0,76.8,80.5,74.4,81.9,0.065,4.1,6.1,Rain Partially cloudy
2020-08-22,82.0,71.8,76.4,72.0,86.6,1.657,6.4,6.5,Rain Partially cloudy
2020-08-23,86.5,70.9,77.7,69.8,78.5,1.096,6.0,7.1,Rain Partially cloudy
2020-08-24,89.2,73.9,81.8,71.6,72.2,0.0,7.9,7.0,Partially cloudy
2020-08-25,94.2,76.8,85.5,73.8,69.7,0.001,9.1,6.2,Rain Partially cloudy
2020-08-26,93.7,78.9,86.7,74.3,67.6,0.003,11.7,7.1,Rain Partially cloudy
2020-08-27,84.5,78.4,81.6,75.0,80.9,0.548,14.1,6.4,Rain Overcast
2020-08-28,85.6,78.6,81.3,77.7,89.2,0.572,5.4,5.9,Rain Partially cloudy
2020-08-29,84.3,77.2,80.0,77.2,91.2,0.936,4.8,6.0,Rain Partially cloudy
2020-08-30,88.5,76.6,80.9,76.7,87.9,1.509,5.2,5.9,Rain Partially cloudy
2020-08-31,86.3,75.6,80.2,71.7,75.7,0.071,6.9,7.5,Rain Partially cloudy
2020-09-01,85.3,75.3,80.1,70.6,73.0,0.0,7.5,7.8,Partially cloudy
2020-09-02,79.0,73.5,76.3,74.0,92.8,0.33,11.8,6.9,Rain Partially cloudy
2020-09-03,78.2,68.3,73.5,67.5,82.4,2.736,23.6,6.6,Rain Partially cloudy
2020-09-04,81.0,67.8,73.9,60.5,65.1,0.072,9.0,7.2,Rain Partially cloudy
2020-09-05,81.4,66.7,73.8,61.4,65.8,0.0,5.5,7.4,Partially cloudy
2020-09-06,76.5,66.5,71.6,63.5,76.5,0.133,8.4,7.2,Rain Partially cloudy
2020-09-07,70.1,63.6,66.9,64.7,92.7,3.033,11.4,4.7,Rain Overcast
2020-09-08,81.6,70.1,74.7,62.9,67.9,1.028,11.0,7.0,Rain Partially cloudy
2020-09-09,76.9,65.1,70.5,65.0,83.1,0.173,6.6,6.1,Rain Partially cloudy
2020-09-10,80.1,65.5,72.7,63.9,75.7,0.13,8.1,6.0,Rain Partially cloudy
2020-09-11,80.8,67.3,72.9,62.8,71.9,0.042,7.3,6.8,Rain Partially cloudy
2020-09-12,73.5,65.0,68.8,63.2,82.9,0.418,5.6,7.2,Rain Overcast
2020-09-13,78.5,62.2,70.8,59.4,68.3,0.085,5.7,7.5,Rain Partially cloudy
2020-09-14,76.7,63.3,70.6,63.2,78.5,0.03,6.6,7.1,Rain Partially cloudy
2020-09-15,80.9,65.6,73.0,64.4,76.6,0.029,4.4,5.6,Rain Partially cloudy
2020-09-16,77.8,68.7,72.9,65.8,78.6,0.004,5.9,6.2,Rain Overcast
2020-09-17,75.3,67.6,71.0,59.5,69.6,0.007,4.3,6.7,Rain Partially cloudy
2020-09-18,78.1,64.3,71.2,56.1,61.1,0.014,8.2,7.5,Rain Partially cloudy
2020-09-19,79.3,62.7,70.1,54.2,61.5,0.019,6.7,7.5,Rain Partially cloudy
2020-09-20,76.0,58.2,67.3,50.4,57.1,0.0,6.2,7.5,Clear
2020-09-21,75.9,55.4,65.5,49.3,58.7,0.038,3.8,7.5,Rain Partially cloudy
2020-09-22,77.3,59.7,67.9,50.3,55.2,0.0,6.1,7.5,Partially cloudy
2020-09-23,73.9,60.5,66.9,50.9,56.6,0.0,9.6,7.5,Partially cloudy
2020-09-24,77.2,63.1,69.6,53.4,56.6,0.0,11.2,7.5,Partially cloudy
2020-09-25,78.0,60.7,68.9,54.5,61.1,0.0,7.9,7.5,Partially cloudy
2020-09-26,76.4,60.1,67.4,52.2,59.3,0.0,10.8,7.6,Partially cloudy
2020-09-27,78.0,57.9,68.4,53.9,61.4,0.0,5.9,7.5,Partially cloudy
2020-09-28,78.3,59.1,68.2,56.3,68.0,0.0,4.7,7.4,Clear
2020-09-29,74.4,58.1,67.0,55.7,69.4,0.0,7.1,7.2,Partially cloudy
2020-09-30,75.8,59.6,66.9,59.4,78.7,0.969,7.3,6.5,Rain Partially cloudy
2020-10-01,74.3,60.3,66.2,57.5,74.4,1.005,5.1,7.2,Rain Partially cloudy
2020-10-02,71.9,60.1,66.5,59.3,78.2,0.0,7.5,6.3,Partially cloudy
2020-10-03,73.1,64.4,68.3,58.8,73.7,0.018,5.1,5.8,Rain Partially cloudy
2020-10-04,71.8,53.8,64.0,51.3,64.5,0.0,13.3,6.5,Partially cloudy
2020-10-05,64.8,46.8,56.9,39.1,52.2,0.0,8.3,6.4,Clear
2020-10-06,66.5,46.1,57.6,40.8,56.7,0.0,6.0,6.4,Clear
2020-10-07,71.0,47.6,60.1,38.9,48.8,0.0,5.5,7.0,Partially cloudy
2020-10-08,73.2,51.8,62.7,44.6,54.4,0.0,9.9,7.5,Clear
2020-10-09,73.3,53.3,63.2,44.3,50.7,0.0,8.1,7.6,Partially cloudy
2020-10-10,69.8,52.1,61.7,47.1,60.0,0.0,6.7,7.6,Partially cloudy
2020-10-11,68.8,55.0,62.1,51.0,67.9,0.0,5.1,7.5,Partially cloudy
2020-10-12,70.0,55.0,61.6,50.9,70.3,0.0,6.3,6.5,Partially cloudy
2020-10-13,65.4,46.4,56.3,37.3,51.7,0.0,7.1,7.5,Partially cloudy
2020-10-14,65.4,49.0,55.7,35.7,51.5,0.0,10.1,7.5,Partially cloudy
2020-10-15,63.5,43.4,52.7,28.0,40.5,0.0,5.3,7.5,Partially cloudy
2020-10-16,59.9,45.6,53.1,40.8,63.7,0.0,2.8,7.1,Partially cloudy
2020-10-17,64.7,46.1,55.1,41.9,66.3,0.0,6.3,6.7,Clear
2020-10-18,67.3,43.3,55.1,44.1,69.0,0.0,6.0,7.2,Clear
2020-10-19,69.7,46.7,57.8,49.0,75.8,0.0,5.3,5.5,Clear
2020-10-20,70.6,47.8,57.7,47.4,72.2,0.0,6.3,4.7,Clear
2020-10-21,63.7,51.5,57.3,47.4,70.4,0.0,5.8,6.6,Partially cloudy
2020-10-22,65.1,49.2,57.4,45.6,67.7,0.0,10.3,6.2,Partially cloudy
2020-10-23,55.6,43.9,49.0,29.2,47.4,0.0,8.2,7.6,Clear
2020-10-24,56.5,39.7,47.7,26.5,45.8,0.0,7.7,7.5,Clear
2020-10-25,64.6,39.0,51.2,38.7,66.4,0.0,5.9,7.4,Partially cloudy
2020-10-26,64.8,43.8,53.8,44.7,74.1,0.0,5.9,6.5,Clear
2020-10-27,66.7,46.1,55.9,47.5,76.1,0.0,4.8,5.0,Clear
2020-10-28,64.6,49.9,58.0,38.6,55.4,0.0,6.9,8.0,Partially cloudy
2020-10-29,59.8,38.8,50.2,27.0,43.3,0.0,6.0,7.5,Partially cloudy
2020-10-30,66.0,38.2,51.2,30.2,48.5,0.0,4.2,7.6,Clear
2020-10-31,64.3,42.9,54.9,41.4,61.2,0.0,8.1,7.5,Partially cloudy
2020-11-01,59.0,52.0,56.7,51.7,84.4,0.61,8.5,5.3,Rain Overcast
2020-11-02,59.5,42.3,51.6,35.0,60.2,0.315,7.4,6.4,Rain Partially cloudy
2020-11-03,48.3,38.3,43.1,22.4,45.2,0.078,13.3,7.5,Rain Partially cloudy
2020-11-04,50.7,34.1,41.8,16.3,38.0,0.0,7.4,7.5,Clear
2020-11-05,59.6,36.7,47.7,35.3,63.8,0.001,4.6,7.5,Rain Partially cloudy
2020-11-06,62.8,49.5,55.5,42.3,62.3,0.0,4.6,7.2,Overcast
2020-11-07,63.9,51.3,58.2,46.7,69.0,0.003,7.4,4.8,Rain Partially cloudy
2020-11-08,53.1,40.9,48.9,24.8,45.5,0.0,8.7,6.5,Clear
2020-11-09,48.6,35.2,43.0,17.7,37.1,0.0,6.1,7.6,Partially cloudy
2020-11-10,54.7,35.4,45.1,29.5,57.5,0.0,7.1,7.5,Clear
2020-11-11,60.4,35.8,47.0,31.4,58.4,0.0,4.0,7.5,Clear
2020-11-12,63.3,37.5,49.0,34.7,61.9,0.0,6.0,7.1,Clear
2020-11-13,62.6,43.5,52.1,43.4,73.6,0.0,4.6,5.7,Partially cloudy
2020-11-14,65.9,41.1,52.0,42.0,72.6,0.0,6.8,5.0,Clear
2020-11-15,58.7,43.2,50.6,43.9,78.8,0.0,5.8,4.9,Partially cloudy
2020-11-16,64.3,42.4,51.5,43.5,76.7,0.0,5.1,4.9,Clear
2020-11-17,67.8,46.0,58.0,48.6,72.0,0.003,5.5,6.5,Rain Partially cloudy
2020-11-18,66.5,58.6,62.5,59.2,89.3,0.429,6.3,5.1,Rain Overcast
2020-11-19,67.3,47.5,58.9,55.3,87.9,4.999,10.7,5.3,Rain Overcast
2020-11-20,45.4,34.6,39.2,30.9,72.1,0.285,6.9,7.6,Snow Rain Partially cloudy
2020-11-21,54.1,30.0,42.5,31.8,67.4,0.0,7.3,7.6,Partially cloudy
2020-11-22,48.4,37.3,44.0,37.6,78.8,0.283,6.1,6.2,Rain Partially cloudy
2020-11-23,42.3,31.6,36.2,21.5,56.5,0.009,6.8,7.6,Rain
2020-11-24,44.7,32.1,38.1,20.5,49.5,0.0,5.9,7.6,Partially cloudy
2020-11-25,49.1,31.7,39.3,27.9,65.2,0.0,4.1,7.5,Partially cloudy
2020-11-26,50.8,33.2,41.3,31.1,69.2,0.0,3.7,6.6,Partially cloudy
2020-11-27,45.3,35.7,40.9,27.8,60.4,0.0,7.5,6.9,Partially cloudy
2020-11-28,37.6,29.8,33.2,14.7,47.2,0.0,7.5,7.5,Partially cloudy
2020-11-29,37.2,25.9,32.3,18.2,55.7,0.0,7.2,7.5,Partially cloudy
2020-11-30,39.5,24.3,31.8,17.2,56.2,0.0,7.0,7.6,Clear
2020-12-01,43.2,23.1,34.5,12.7,42.5,0.0,6.3,7.6,Partially cloudy
2020-12-02,42.5,34.3,37.5,14.1,38.3,0.0,5.6,7.5,Partially cloudy
2020-12-03,40.1,28.9,34.6,14.0,42.8,0.0,8.3,7.6,Clear
2020-12-04,39.5,21.6,30.9,14.6,52.9,0.0,6.2,7.6,Clear
2020-12-05,43.6,27.5,35.1,23.5,63.2,0.0,5.1,7.4,Partially cloudy
2020-12-06,47.4,31.5,39.3,29.2,68.2,0.0,5.8,7.2,Partially cloudy
2020-12-07,44.9,33.2,39.4,24.3,56.7,0.0,8.5,6.4,Partially cloudy
2020-12-08,38.5,26.2,32.0,13.2,46.9,0.0,5.8,7.4,Clear
2020-12-09,42.3,22.8,33.2,19.0,56.9,0.0,4.6,7.5,Partially cloudy
2020-12-10,48.1,37.5,42.6,32.0,66.6,0.0,4.4,6.2,Partially cloudy
2020-12-11,49.4,33.9,41.1,34.5,79.1,0.0,5.5,3.8,Partially cloudy
2020-12-12,42.5,27.8,36.8,19.6,51.7,0.0,7.9,6.8,Clear
2020-12-13,36.1,23.2,31.6,23.9,74.0,0.13,8.5,5.8,Snow Rain Partially cloudy
2020-12-14,22.9,16.4,19.8,1.5,44.9,0.033,8.2,7.5,Snow
2020-12-15,23.7,14.0,18.6,-3.4,38.2,0.0,10.2,7.6,Clear
2020-12-16,24.8,13.2,18.7,-2.4,39.8,0.0,7.3,7.5,Clear
2020-12-17,32.0,10.8,22.2,3.5,46.2,0.0,5.6,7.5,Clear
2020-12-18,34.7,22.6,30.0,15.2,55.4,0.012,11.3,7.6,Snow Rain Partially cloudy
2020-12-19,29.7,16.9,23.9,2.4,39.7,0.0,6.8,7.5,Clear
2020-12-20,32.9,16.5,25.3,7.3,47.6,0.0,5.8,7.5,Clear
2020-12-21,39.7,20.3,28.5,18.0,66.6,0.0,5.7,7.5,Clear
2020-12-22,43.7,24.9,33.8,24.9,71.2,0.0,6.8,6.6,Partially cloudy
2020-12-23,48.4,28.5,38.9,32.2,77.5,0.0,6.6,4.8,Partially cloudy
2020-12-24,42.9,30.5,38.4,25.3,61.9,0.0,9.1,6.3,Partially cloudy
2020-12-25,38.2,25.7,31.1,13.5,49.1,0.0,7.3,7.6,Clear
2020-12-26,45.7,26.6,34.6,24.3,67.1,0.0,5.5,6.9,Partially cloudy
2020-12-27,50.1,33.1,40.7,29.9,66.3,0.0,4.6,6.1,Partially cloudy
2020-12-28,51.9,35.7,43.4,35.1,74.9,0.052,2.9,5.3,Rain Partially cloudy
2020-12-29,38.4,23.0,33.3,25.7,74.8,0.005,7.3,5.5,Snow Rain Partially cloudy
2020-12-30,21.4,10.2,14.3,-0.5,51.4,0.005,9.6,7.5,Snow
2020-12-31,22.5,10.0,16.7,0.2,48.0,0.001,5.9,7.5,Snow
2021-01-01,33.5,13.8,24.3,13.1,62.7,0.0,5.7,7.9,Partially cloudy
2021-01-02,29.5,18.3,24.5,0.5,35.1,0.0,8.1,7.5,Clear
2021-01-03,29.4,14.3,22.6,2.0,41.7,0.0,6.1,7.5,Partially cloudy
2021-01-04,32.4,15.4,25.2,8.5,49.4,0.0,4.7,7.5,Partially cloudy
2021-01-05,28.6,17.1,24.3,6.6,50.3,0.0,8.4,7.4,Partially cloudy
2021-01-06,27.4,10.1,19.2,2.7,52.6,1.049,6.5,6.7,Snow Partially cloudy
2021-01-07,17.6,3.4,8.0,-7.5,49.1,0.012,11.8,7.4,Snow Partially cloudy
2021-01-08,12.1,0.5,6.0,-12.4,42.0,0.0,8.8,7.5,Clear
2021-01-09,17.7,1.5,10.1,-7.6,44.1,0.0,6.6,7.5,Clear
2021-01-10,25.7,5.2,16.0,2.9,57.2,0.0,3.5,7.5,Partially cloudy
2021-01-11,24.9,11.3,19.0,9.1,65.7,0.0,4.7,7.4,Partially cloudy
2021-01-12,31.6,13.2,22.9,18.0,82.1,0.102,6.2,5.3,Snow Rain Partially cloudy
2021-01-13,46.9,20.6,33.8,29.6,85.5,0.143,5.3,4.2,Snow Rain Partially cloudy
2021-01-14,44.3,23.6,33.7,16.0,50.4,0.002,5.6,7.4,Rain
2021-01-15,51.3,30.8,40.4,29.8,66.8,0.005,8.9,6.7,Rain Partially cloudy
2021-01-16,31.3,19.0,25.2,12.1,58.7,0.005,7.5,6.8,Snow
2021-01-17,29.1,14.9,22.1,6.5,52.6,0.0,5.9,7.3,Partially cloudy
2021-01-18,33.5,18.5,26.7,16.0,68.3,0.037,13.1,7.0,Snow Rain Partially cloudy
2021-01-19,30.2,11.5,20.2,-2.1,38.9,0.007,6.3,7.6,Snow
2021-01-20,44.1,19.0,29.3,7.6,41.6,0.0,6.1,7.5,Clear
2021-01-21,44.8,36.0,39.3,25.7,61.6,0.572,4.0,5.7,Rain Overcast
2021-01-22,44.6,38.7,41.4,39.8,94.0,0.365,5.7,2.6,Rain Overcast
2021-01-23,53.7,36.8,44.8,34.8,70.1,0.0,9.3,7.1,Partially cloudy
2021-01-24,56.0,31.1,42.8,32.2,68.0,0.0,7.0,7.5,Partially cloudy
2021-01-25,57.1,31.8,43.0,32.1,68.9,0.0,6.0,7.6,Partially cloudy
2021-01-26,44.6,37.8,41.9,37.1,83.6,0.097,6.4,5.9,Rain Overcast
2021-01-27,43.1,28.1,36.1,15.3,47.7,0.046,7.1,7.3,Snow Rain Partially cloudy
2021-01-28,34.9,17.5,29.0,13.5,53.6,0.109,13.3,7.4,Snow Rain Partially cloudy
2021-01-29,23.1,12.2,17.2,-5.4,36.4,0.055,12.8,7.7,Snow
2021-01-30,41.7,18.0,29.0,14.6,55.9,0.012,6.7,7.2,Snow Rain Partially cloudy
2021-01-31,49.0,22.2,35.4,22.8,63.3,0.026,5.3,7.4,Rain Partially cloudy
2021-02-01,49.0,33.3,42.8,36.6,79.6,0.032,7.9,5.7,Rain Partially cloudy
2021-02-02,28.2,18.9,23.8,2.9,41.1,0.0,12.1,7.5,Partially cloudy
2021-02-03,33.6,15.5,25.6,12.3,58.0,0.006,7.8,7.1,Snow Rain Partially cloudy
2021-02-04,34.0,20.7,27.1,9.3,49.4,0.137,6.1,7.1,Snow Rain
2021-02-05,44.0,23.0,33.6,24.4,68.8,0.006,7.1,7.6,Snow Rain Partially cloudy
2021-02-06,50.6,37.6,43.9,37.9,79.5,0.014,4.8,5.7,Rain Overcast
2021-02-07,45.5,29.3,40.3,28.0,66.8,0.0,9.9,4.6,Partially cloudy
2021-02-08,32.7,23.9,27.9,5.8,39.6,0.0,9.7,7.6,Clear
2021-02-09,39.5,19.7,30.2,11.3,46.7,0.0,6.4,7.4,Clear
2021-02-10,44.9,28.5,37.2,29.9,75.2,0.0,5.1,7.2,Partially cloudy
2021-02-11,50.0,30.2,40.0,32.5,77.2,0.0,4.6,4.4,Partially cloudy
2021-02-12,55.4,29.8,40.4,28.1,67.6,0.0,4.7,5.4,Clear
2021-02-13,57.2,26.5,41.6,27.4,63.0,0.0,5.0,5.2,Clear
2021-02-14,57.7,37.9,47.9,28.8,49.3,0.0,4.3,6.3,Partially cloudy
2021-02-15,46.8,24.3,36.6,24.5,63.6,0.055,8.7,6.3,Rain Partially cloudy
2021-02-16,29.0,20.2,23.8,10.2,57.1,0.288,8.9,6.6,Snow Rain Partially cloudy
2021-02-17,22.6,14.6,18.3,-1.9,40.7,0.038,13.5,7.7,Snow Partially cloudy
2021-02-18,30.5,13.7,22.1,1.0,39.8,0.0,8.3,7.5,Clear
2021-02-19,48.5,19.3,33.7,21.7,61.5,0.0,9.6,7.3,Partially cloudy
2021-02-20,58.5,37.3,45.7,29.9,60.4,0.0,8.6,4.6,Partially cloudy
2021-02-21,64.0,37.2,50.5,38.2,65.0,0.0,16.4,6.1,Clear
2021-02-22,55.3,34.4,45.9,32.0,62.7,0.0,15.5,7.2,Partially cloudy
2021-02-23,39.3,27.9,33.2,4.0,29.3,0.0,8.1,7.5,Clear
2021-02-24,48.2,27.5,36.8,6.4,29.4,0.0,5.9,7.6,Partially cloudy
2021-02-25,47.1,30.4,38.2,15.1,40.1,0.0,2.6,7.5,Partially cloudy
2021-02-26,59.4,29.7,45.1,15.6,33.4,0.0,6.3,7.5,Partially cloudy
2021-02-27,60.0,36.7,48.7,27.8,45.6,0.0,7.6,7.6,Partially cloudy
2021-02-28,51.4,35.0,45.6,25.9,46.9,0.0,6.3,7.5,Partially cloudy
2021-03-01,47.7,33.4,41.7,37.7,87.9,3.153,11.5,4.1,Snow Rain Overcast
2021-03-02,43.7,32.9,36.8,28.8,74.6,1.636,6.6,7.2,Snow Rain Partially cloudy
2021-03-03,48.9,28.4,38.4,27.0,68.5,0.007,4.8,7.4,Snow Rain Partially cloudy
2021-03-04,53.7,33.5,43.6,31.9,64.6,0.0,5.9,7.5,Partially cloudy
2021-03-05,59.1,33.8,46.6,36.7,71.2,0.0,5.9,7.1,Clear
2021-03-06,52.6,39.0,44.5,34.5,70.0,0.0,10.9,6.8,Partially cloudy
2021-03-07,53.0,36.3,43.0,29.6,59.6,0.0,8.9,7.4,Partially cloudy
2021-03-08,55.3,32.1,43.7,30.2,63.1,0.0,6.1,7.0,Clear
2021-03-09,53.3,31.8,43.1,27.2,57.1,0.0,6.5,7.4,Partially cloudy
2021-03-10,61.0,33.8,46.3,33.1,65.2,0.0,5.4,4.9,Clear
2021-03-11,62.3,35.4,48.7,31.3,56.7,0.0,4.7,5.2,Partially cloudy
2021-03-12,57.0,47.3,51.4,35.3,54.5,0.0,8.0,6.5,Partially cloudy
2021-03-13,56.9,38.2,47.9,35.4,64.1,0.0,5.9,6.9,Partially cloudy
2021-03-14,57.1,39.1,47.9,39.3,73.8,0.0,6.7,4.9,Partially cloudy
2021-03-15,60.7,37.7,50.4,38.7,67.6,0.0,6.2,4.8,Partially cloudy
2021-03-16,54.8,42.8,48.5,30.4,54.0,0.132,8.7,6.4,Rain Partially cloudy
2021-03-17,61.7,34.3,46.8,25.3,45.4,0.001,6.4,7.5,Rain
2021-03-18,63.5,38.7,51.1,34.1,54.3,0.0,5.9,6.9,Partially cloudy
2021-03-19,67.1,52.1,58.9,38.2,47.3,0.0,7.1,7.4,Partially cloudy
2021-03-20,58.6,46.5,50.8,41.1,73.0,0.228,6.9,6.5,Rain Overcast
2021-03-21,47.7,39.4,43.8,33.0,67.6,0.126,12.8,6.5,Rain Partially cloudy
2021-03-22,51.1,34.2,43.4,25.7,52.0,0.008,9.2,7.6,Rain
2021-03-23,60.2,34.9,47.6,34.9,64.5,0.0,7.8,6.9,Clear
2021-03-24,61.6,39.1,50.3,36.5,61.6,0.0,7.8,7.1,Clear
2021-03-25,65.2,45.5,53.7,42.3,67.9,0.0,6.3,6.6,Partially cloudy
2021-03-26,67.9,39.3,52.9,37.9,63.6,0.0,4.7,4.5,Partially cloudy
2021-03-27,59.1,47.3,53.0,42.5,70.4,0.99,6.5,5.7,Rain Partially cloudy
2021-03-28,55.6,46.2,49.5,48.4,96.0,1.107,8.4,4.7,Rain Overcast
2021-03-29,58.4,45.4,51.4,36.7,63.2,0.049,9.8,5.0,Rain Partially cloudy
2021-03-30,63.9,36.7,50.9,28.8,49.4,0.0,9.0,6.9,Clear
2021-03-31,71.6,40.4,56.1,30.5,42.6,0.0,5.7,7.5,Clear
2021-04-01,73.7,48.9,62.2,31.0,35.2,0.0,8.0,7.5,Partially cloudy
2021-04-02,73.1,55.0,63.4,33.4,33.3,0.0,9.5,7.6,Partially cloudy
2021-04-03,65.3,52.9,60.1,52.2,78.3,2.983,10.0,4.9,Rain Overcast
2021-04-04,59.6,49.8,54.0,41.7,65.0,1.443,8.9,7.5,Rain Partially cloudy
2021-04-05,64.9,41.6,53.2,29.6,45.1,0.0,7.0,7.6,Clear
2021-04-06,66.1,48.3,56.9,36.3,48.0,0.0,8.9,7.5,Partially cloudy
2021-04-07,68.9,44.8,57.0,35.0,48.5,0.0,7.0,6.7,Clear
2021-04-08,63.9,44.5,55.6,26.1,33.3,0.0,8.3,7.5,Clear
2021-04-09,65.8,43.0,55.5,29.1,37.4,0.0,9.0,7.6,Clear
2021-04-10,65.1,46.4,54.9,33.8,46.3,0.0,7.2,7.5,Clear
2021-04-11,70.2,43.8,57.4,36.2,49.6,0.0,5.9,7.5,Partially cloudy
2021-04-12,64.0,53.3,56.9,45.2,68.3,0.851,7.1,6.0,Rain Overcast
2021-04-13,56.7,44.5,52.4,44.0,75.1,0.976,7.9,6.2,Rain Partially cloudy
2021-04-14,56.2,38.4,47.6,30.1,52.9,0.014,7.9,7.5,Rain
2021-04-15,63.6,42.8,52.3,38.6,63.0,0.0,5.2,6.6,Partially cloudy
2021-04-16,58.2,45.3,52.6,38.3,60.2,0.043,7.4,7.0,Rain Partially cloudy
2021-04-17,57.2,39.9,49.1,33.8,57.8,0.017,9.3,7.5,Rain Partially cloudy
2021-04-18,59.3,42.8,50.5,36.5,60.1,0.0,8.8,7.5,Clear
2021-04-19,65.7,41.4,53.4,40.8,64.8,0.0,8.6,7.3,Clear
2021-04-20,70.8,44.6,57.6,40.4,57.6,0.0,7.0,6.8,Clear
2021-04-21,81.8,48.3,64.9,40.8,45.4,0.0,6.2,7.1,Partially cloudy
2021-04-22,81.4,61.4,69.4,39.7,35.3,0.0,8.6,7.2,Partially cloudy
2021-04-23,71.8,63.6,67.0,40.1,38.6,0.0,10.0,7.5,Partially cloudy
2021-04-24,71.0,59.6,65.0,37.4,37.6,0.0,8.7,7.5,Partially cloudy
2021-04-25,73.0,52.4,63.3,44.4,53.4,0.0,9.1,7.5,Clear
2021-04-26,68.0,54.5,61.5,41.0,47.9,0.0,6.9,7.6,Partially cloudy
2021-04-27,67.2,52.5,59.4,45.0,60.5,0.0,6.5,7.5,Partially cloudy
2021-04-28,64.8,50.8,58.2,45.6,66.5,0.269,6.9,6.2,Rain Partially cloudy
2021-04-29,66.0,51.0,58.5,39.7,51.3,0.021,8.0,7.3,Rain Partially cloudy
2021-04-30,57.3,47.7,52.5,47.3,83.1,1.474,8.6,6.2,Rain Overcast
2021-05-01,57.9,48.4,51.7,44.6,78.2,0.302,7.0,6.7,Rain Overcast
2021-05-02,65.3,45.9,54.5,43.1,68.2,0.31,9.0,7.6,Rain Partially cloudy
2021-05-03,67.8,46.1,56.8,40.3,58.5,0.003,6.3,7.4,Rain
2021-05-04,61.2,52.0,57.2,50.7,80.3,0.599,4.8,5.6,Rain Overcast
2021-05-05,64.9,50.3,57.6,44.0,65.3,0.596,10.2,7.3,Rain Partially cloudy
2021-05-06,73.2,44.7,59.4,37.8,49.3,0.0,10.7,7.6,Partially cloudy
2021-05-07,62.3,51.9,58.3,42.4,57.1,0.644,9.9,6.1,Rain Partially cloudy
2021-05-08,69.3,46.9,57.8,45.4,66.4,0.231,12.4,5.5,Rain Partially cloudy
2021-05-09,72.0,50.1,60.7,39.4,49.6,0.0,11.3,7.4,Clear
2021-05-10,57.9,49.8,55.4,45.8,70.3,0.009,5.1,7.5,Rain Partially cloudy
2021-05-11,77.7,46.6,63.8,42.6,52.8,0.011,8.3,7.6,Rain Partially cloudy
2021-05-12,80.5,63.0,70.7,40.7,34.8,0.329,6.9,7.6,Rain Partially cloudy
2021-05-13,84.5,58.0,71.6,54.4,57.1,0.0,6.2,7.6,Clear
2021-05-14,86.2,61.0,74.0,58.7,61.9,0.0,5.4,7.3,Partially cloudy
2021-05-15,78.0,68.3,70.9,64.6,81.7,0.64,7.1,5.3,Rain Overcast
2021-05-16,69.6,59.6,65.9,65.5,98.9,2.516,6.2,3.6,Rain Overcast
2021-05-17,62.3,57.1,59.3,58.2,96.2,1.408,4.9,6.3,Rain Overcast
2021-05-18,75.8,55.3,64.0,54.9,75.5,0.074,7.0,6.1,Rain Partially cloudy
2021-05-19,79.7,51.3,66.3,48.5,57.1,0.0,7.4,7.6,Clear
2021-05-20,73.8,59.5,66.2,50.2,57.7,0.032,7.3,7.5,Rain Partially cloudy
2021-05-21,64.1,57.7,60.4,57.6,90.8,0.585,6.1,6.0,Rain Overcast
2021-05-22,75.4,54.7,65.5,54.6,70.7,0.034,9.4,6.9,Rain Partially cloudy
2021-05-23,76.5,54.6,66.8,53.6,64.9,0.0,5.5,6.8,Partially cloudy
2021-05-24,75.6,62.0,67.3,50.5,57.7,0.0,7.4,7.0,Partially cloudy
2021-05-25,66.3,54.0,60.1,50.5,72.3,0.476,8.7,6.6,Rain Partially cloudy
2021-05-26,75.0,52.1,64.2,47.5,59.8,0.005,10.3,7.4,Rain Partially cloudy
2021-05-27,65.6,54.4,61.0,54.7,81.2,0.441,7.5,5.8,Rain Partially cloudy
2021-05-28,67.8,53.0,59.2,55.1,87.1,0.72,7.6,5.5,Rain Partially cloudy
2021-05-29,67.2,55.1,60.9,53.3,77.2,0.067,5.7,7.6,Rain Partially cloudy
2021-05-30,79.4,50.7,64.5,53.5,72.6,0.384,9.1,6.6,Rain Partially cloudy
2021-05-31,74.3,62.2,67.6,61.0,80.7,0.774,4.8,6.6,Rain Partially cloudy
2021-06-01,76.6,63.1,69.2,60.0,73.8,0.118,8.1,7.4,Rain Partially cloudy
2021-06-02,85.3,60.0,73.4,59.3,65.8,0.0,5.8,6.4,Partially cloudy
2021-06-03,73.9,59.1,67.3,62.1,84.7,0.994,11.3,5.8,Rain Partially cloudy
2021-06-04,74.4,54.9,65.0,53.4,69.9,0.469,7.8,7.5,Rain Partially cloudy
2021-06-05,78.3,63.1,69.4,56.5,64.6,0.055,8.7,7.3,Rain Partially cloudy
2021-06-06,81.7,61.9,72.7,62.4,71.8,0.0,7.1,6.1,Partially cloudy
2021-06-07,75.6,64.1,69.9,60.8,73.7,0.0,4.8,7.5,Partially cloudy
2021-06-08,84.4,65.6,73.8,63.0,70.8,0.081,6.6,7.1,Rain Partially cloudy
2021-06-09,89.3,67.0,77.7,61.9,61.3,0.0,4.1,7.4,Partially cloudy
2021-06-10,86.2,70.6,77.2,65.0,68.2,0.068,9.7,7.0,Rain Partially cloudy
2021-06-11,75.9,68.2,71.4,66.4,84.8,0.49,10.4,6.9,Rain Partially cloudy
2021-06-12,86.2,65.0,75.1,66.2,76.4,0.003,6.1,6.6,Rain Partially cloudy
2021-06-13,85.9,69.0,76.7,67.5,74.8,0.0,7.2,7.5,Clear
2021-06-14,86.2,66.4,76.2,65.6,71.2,0.0,6.0,6.6,Partially cloudy
2021-06-15,77.3,71.0,73.3,66.0,78.2,0.085,5.9,6.6,Rain Partially cloudy
2021-06-16,83.8,69.4,76.3,60.3,58.7,0.035,9.7,7.6,Rain
2021-06-17,76.1,67.9,71.7,61.1,69.5,0.0,5.3,7.2,Partially cloudy
2021-06-18,70.9,66.4,68.6,66.5,93.0,0.32,4.9,5.7,Rain Overcast
2021-06-19,81.0,63.4,72.4,62.8,74.1,0.028,6.3,5.9,Rain Partially cloudy
2021-06-20,84.1,62.7,73.1,63.7,74.6,0.0,12.2,6.3,Partially cloudy
2021-06-21,83.2,67.1,74.9,61.9,66.6,0.0,7.8,6.4,Partially cloudy
2021-06-22,81.8,68.0,73.8,61.7,67.1,0.151,5.5,7.6,Rain Partially cloudy
2021-06-23,81.7,65.9,71.7,62.5,73.7,0.622,6.4,7.4,Rain Partially cloudy
2021-06-24,81.9,64.8,73.4,63.9,74.0,0.186,6.7,7.2,Rain Partially cloudy
2021-06-25,83.9,65.4,75.0,64.1,70.4,0.0,6.6,6.8,Partially cloudy
2021-06-26,79.0,67.7,73.3,66.2,79.3,0.26,7.3,7.2,Rain Partially cloudy
2021-06-27,87.2,66.5,75.7,65.1,72.2,0.086,5.3,8.0,Rain Partially cloudy
2021-06-28,83.2,70.4,74.0,68.6,84.0,1.216,6.8,7.5,Rain Partially cloudy
2021-06-29,81.8,69.1,74.9,68.7,82.1,0.009,6.0,7.1,Rain Partially cloudy
2021-06-30,82.6,69.9,75.6,68.8,80.4,0.191,6.1,6.1,Rain Partially cloudy
2021-07-01,87.4,70.0,79.2,69.2,73.4,0.16,6.0,7.0,Rain
2021-07-02,88.2,74.5,80.8,67.3,64.7,0.056,5.9,7.5,Rain Partially cloudy
2021-07-03,78.6,67.7,74.2,65.6,75.9,2.67,8.2,6.0,Rain Partially cloudy
2021-07-04,74.0,67.8,71.0,70.1,97.0,2.73,9.1,4.5,Rain Overcast
2021-07-05,80.7,64.5,73.3,66.0,78.7,0.076,4.7,7.7,Rain Partially cloudy
2021-07-06,86.0,70.1,77.8,68.9,75.6,0.0,5.4,6.5,Partially cloudy
2021-07-07,84.3,74.7,79.7,72.5,79.2,0.135,4.7,6.4,Rain Partially cloudy
2021-07-08,86.2,51.4,77.7,72.0,83.7,0.541,9.7,6.0,Rain Partially cloudy
2021-07-09,84.3,73.1,77.9,69.9,77.1,0.033,9.8,8.1,Rain Partially cloudy
2021-07-10,83.7,69.7,78.1,71.2,79.8,0.038,11.5,7.0,Rain Partially cloudy
2021-07-11,83.1,75.2,78.6,74.0,86.1,0.027,9.2,5.6,Rain Partially cloudy
2021-07-12,91.8,74.6,82.2,73.4,75.8,0.0,6.2,7.6,Partially cloudy
2021-07-13,88.6,78.7,83.8,74.9,75.4,0.0,9.4,7.5,Partially cloudy
2021-07-14,91.6,76.2,84.8,74.3,71.9,0.0,11.1,8.2,Partially cloudy
2021-07-15,92.0,76.0,84.5,74.0,71.9,0.002,11.4,8.2,Rain Partially cloudy
2021-07-16,93.7,70.0,82.9,71.7,70.8,0.008,9.4,8.1,Rain Partially cloudy
2021-07-17,91.8,74.0,83.0,70.2,66.8,0.009,8.1,8.2,Rain Partially cloudy
2021-07-18,91.6,76.9,84.8,69.7,62.0,0.005,7.8,8.2,Rain Partially cloudy
2021-07-19,87.9,75.8,80.6,72.6,77.4,2.535,9.0,7.7,Rain Partially cloudy
2021-07-20,89.5,74.5,82.2,72.6,73.7,2.499,5.9,9.7,Rain Partially cloudy
2021-07-21,96.5,77.4,86.5,72.6,65.6,0.0,5.7,10.0,Partially cloudy
2021-07-22,98.2,79.0,87.9,70.3,58.5,0.0,7.2,8.2,Partially cloudy
2021-07-23,97.1,77.8,87.3,72.2,62.2,0.0,8.5,8.2,Partially cloudy
2021-07-24,97.0,80.8,88.7,71.0,57.8,0.0,6.5,8.2,Partially cloudy
2021-07-25,96.8,80.8,88.4,69.5,55.2,0.0,9.1,8.2,Partially cloudy
2021-07-26,95.9,81.7,88.4,68.9,53.6,0.0,6.8,8.2,Partially cloudy
2021-07-27,96.1,79.5,88.0,71.6,59.1,0.0,10.4,8.3,Partially cloudy
2021-07-28,94.9,79.6,86.3,73.9,67.7,0.005,9.6,8.3,Rain Partially cloudy
2021-07-29,92.3,79.6,85.1,74.1,70.5,0.0,8.4,7.4,Partially cloudy
2021-07-30,95.0,76.2,86.1,71.6,63.5,0.0,8.1,8.3,Partially cloudy
2021-07-31,93.4,79.9,85.5,74.6,71.2,1.13,10.1,8.0,Rain Partially cloudy
2021-08-01,86.0,77.0,81.4,74.6,80.1,6.689,5.8,7.1,Rain Overcast
2021-08-02,83.3,77.0,79.5,73.8,83.2,1.812,6.8,10.6,Rain Partially cloudy
2021-08-03,88.0,75.4,81.9,73.9,77.6,0.0,11.5,12.2,Partially cloudy
2021-08-04,90.7,79.7,84.2,73.2,70.4,0.0,8.3,12.3,Partially cloudy
2021-08-05,92.4,78.1,84.6,72.5,68.0,0.0,8.4,12.2,Partially cloudy
2021-08-06,89.7,79.0,82.7,71.3,69.1,0.002,17.6,12.3,Rain Partially cloudy
2021-08-07,89.7,74.3,82.2,69.2,66.1,0.0,8.0,12.3,Partially cloudy
2021-08-08,89.6,76.1,80.2,71.5,75.3,4.772,6.9,12.0,Rain Partially cloudy
2021-08-09,92.5,73.7,82.6,68.0,63.1,0.477,8.5,12.3,Rain Partially cloudy
2021-08-10,89.0,75.5,82.0,67.5,62.0,0.0,8.2,12.2,Partially cloudy
2021-08-11,88.4,75.4,81.1,70.1,70.2,0.001,9.0,12.3,Rain Partially cloudy
2021-08-12,88.0,75.4,80.5,68.5,67.8,0.0,7.2,11.8,Partially cloudy
2021-08-13,86.0,74.4,79.6,68.9,70.5,0.0,5.9,12.2,Partially cloudy
2021-08-14,86.2,74.4,79.2,65.9,64.4,0.0,9.2,12.2,Partially cloudy
2021-08-15,89.7,70.9,80.2,64.3,59.5,0.0,7.9,12.2,Partially cloudy
2021-08-16,90.6,72.7,81.1,65.7,60.8,0.004,7.7,12.3,Rain Partially cloudy
2021-08-17,87.8,72.0,79.2,65.1,63.3,2.869,7.3,11.4,Rain Partially cloudy
2021-08-18,86.2,69.2,75.6,65.1,71.2,2.768,11.2,11.9,Rain Partially cloudy
2021-08-19,87.8,69.7,78.4,61.9,57.9,0.042,7.6,12.2,Rain Partially cloudy
2021-08-20,86.3,72.7,80.0,65.6,62.0,0.014,8.9,12.1,Rain Partially cloudy
2021-08-21,78.0,70.9,74.8,70.5,86.7,2.559,14.0,10.0,Rain Overcast
2021-08-22,80.1,72.6,76.0,69.8,81.7,2.328,9.3,11.7,Rain Partially cloudy
2021-08-23,75.3,70.0,72.7,69.1,88.5,2.794,7.0,8.1,Rain Overcast
2021-08-24,79.9,70.1,73.7,71.7,93.5,0.57,11.7,10.4,Rain Overcast
2021-08-25,80.7,74.6,76.8,72.2,86.3,0.377,6.6,11.6,Rain Partially cloudy
2021-08-26,81.8,73.4,77.5,72.7,85.4,0.265,10.9,8.4,Rain Partially cloudy
2021-08-27,78.0,68.9,73.2,67.9,83.8,0.069,5.3,10.5,Rain Overcast
2021-08-28,82.4,67.4,73.9,67.3,80.8,0.03,7.1,9.8,Rain Partially cloudy
2021-08-29,79.0,71.6,74.8,68.6,81.6,0.342,6.7,9.7,Rain Overcast
2021-08-30,81.7,70.1,75.6,67.9,78.1,0.0,5.0,10.9,Overcast
2021-08-31,73.6,64.7,69.3,66.5,91.1,1.234,9.3,5.6,Rain Overcast
2021-09-01,74.6,65.4,70.0,65.1,84.9,5.7,9.2,11.8,Rain Overcast
2021-09-02,79.9,69.1,73.9,63.5,70.3,0.003,6.7,12.2,Rain Partially cloudy
2021-09-03,84.2,69.1,76.0,61.0,61.6,0.0,7.3,12.3,Partially cloudy
2021-09-04,83.3,65.4,73.6,57.4,57.7,0.0,7.9,12.3,Partially cloudy
2021-09-05,80.7,66.9,73.3,58.5,60.1,0.0,10.3,12.3,Partially cloudy
2021-09-06,79.0,65.4,72.5,60.7,67.1,1.746,11.1,10.9,Rain Partially cloudy
2021-09-07,70.0,63.8,67.0,66.3,97.6,7.648,8.6,5.2,Rain Overcast
2021-09-08,80.0,66.3,72.0,65.7,81.8,1.08,7.4,9.3,Rain Partially cloudy
2021-09-09,84.2,66.4,74.1,65.8,77.1,0.0,5.3,10.7,Partially cloudy
2021-09-10,83.5,67.2,74.4,65.8,75.6,0.0,8.0,11.7,Partially cloudy
2021-09-11,84.5,68.0,75.1,65.4,73.5,0.0,10.2,10.5,Partially cloudy
2021-09-12,85.3,67.0,75.6,62.2,64.7,0.0,8.0,12.3,Clear
2021-09-13,86.2,69.7,76.3,64.4,67.5,0.0,7.3,12.2,Partially cloudy
2021-09-14,85.0,68.0,76.3,62.2,63.4,0.0,10.5,12.3,Partially cloudy
2021-09-15,83.5,67.2,74.6,58.2,57.5,0.0,12.1,12.3,Clear
2021-09-16,80.9,64.5,72.9,58.1,60.5,0.0,9.5,12.0,Partially cloudy
2021-09-17,82.4,69.1,74.3,60.0,61.8,0.0,11.6,12.3,Partially cloudy
2021-09-18,84.4,66.1,74.7,61.3,64.2,0.0,6.9,12.3,Partially cloudy
2021-09-19,81.5,70.0,74.8,61.6,64.4,0.0,5.7,12.2,Partially cloudy
2021-09-20,82.5,66.4,74.2,60.6,63.4,0.0,13.5,12.2,Partially cloudy
2021-09-21,79.0,67.4,72.4,66.3,82.2,1.537,13.7,9.6,Rain Partially cloudy
2021-09-22,75.4,62.1,68.4,61.4,79.9,11.58,12.2,10.8,Rain Partially cloudy
2021-09-23,78.0,62.6,69.3,57.5,67.4,0.001,11.0,12.3,Rain Partially cloudy
2021-09-24,79.9,61.9,71.1,59.2,67.7,0.0,8.3,12.3,Partially cloudy
2021-09-25,73.5,65.4,69.9,60.7,72.6,0.0,6.5,12.3,Partially cloudy
2021-09-26,80.7,65.3,72.7,59.6,64.4,0.0,7.3,12.2,Partially cloudy
2021-09-27,76.3,65.4,70.7,58.4,65.4,0.0,8.1,12.3,Partially cloudy
2021-09-28,75.4,67.4,70.6,61.5,73.6,0.153,6.7,11.2,Rain Overcast
2021-09-29,70.1,64.6,68.6,66.6,93.4,3.547,9.1,9.1,Rain Partially cloudy
2021-09-30,78.1,55.6,68.2,62.8,84.1,0.208,5.1,10.6,Rain Partially cloudy
2021-10-01,80.8,62.6,70.2,61.2,75.2,0.001,8.9,12.0,Rain Partially cloudy
2021-10-02,79.0,61.8,68.9,60.8,77.3,5.111,6.8,12.2,Rain Partially cloudy
2021-10-03,83.5,62.8,71.9,60.8,70.8,0.0,9.6,9.3,Partially cloudy
2021-10-04,78.1,66.4,72.6,65.6,79.0,1.379,11.4,12.0,Rain Overcast
2021-10-05,79.7,71.9,75.0,68.9,81.8,0.167,12.5,12.1,Rain Overcast
2021-10-06,71.0,64.5,66.4,63.8,91.7,1.647,8.2,8.2,Rain Overcast
2021-10-07,71.0,64.7,67.2,62.5,84.9,1.728,6.4,11.2,Rain Overcast
2021-10-08,68.2,63.6,65.6,62.9,90.9,1.304,6.0,9.2,Rain Overcast
2021-10-09,75.4,65.5,69.4,64.0,83.3,0.116,7.1,12.2,Rain Partially cloudy
2021-10-10,75.5,59.4,68.5,65.1,88.9,0.366,9.0,9.6,Rain Overcast
2021-10-11,63.6,54.8,59.2,52.6,78.9,1.052,7.0,12.0,Rain Overcast
2021-10-12,69.9,60.2,64.3,52.8,66.7,0.0,11.9,12.2,Partially cloudy
2021-10-13,77.0,58.9,66.9,55.0,66.1,0.0,7.9,12.3,Partially cloudy
2021-10-14,74.6,63.4,67.6,58.5,73.6,0.0,8.2,12.3,Partially cloudy
2021-10-15,70.8,62.7,66.2,57.8,74.6,0.004,6.8,12.2,Rain Overcast
2021-10-16,64.6,40.2,53.1,33.7,48.6,0.0,11.9,12.2,Partially cloudy
2021-10-17,51.1,34.1,42.1,18.0,38.2,0.0,13.7,12.2,Clear
2021-10-18,60.1,37.4,48.3,33.1,56.7,0.978,6.3,11.1,Rain Partially cloudy
2021-10-19,58.2,45.7,52.3,43.6,74.3,2.762,12.0,7.6,Rain Partially cloudy
2021-10-20,59.9,40.3,49.1,36.8,64.4,0.0,7.1,12.3,Clear
2021-10-21,60.1,41.0,49.4,36.7,63.6,0.0,7.7,12.2,Partially cloudy
2021-10-22,62.8,41.2,51.3,36.6,59.7,0.0,10.8,12.1,Clear
2021-10-23,64.6,42.7,52.4,36.6,57.3,0.0,5.4,12.2,Clear
2021-10-24,63.8,42.9,52.1,39.5,64.0,0.0,6.7,12.2,Clear
2021-10-25,62.9,43.6,52.8,40.3,64.5,0.0,6.6,12.2,Clear
2021-10-26,65.6,45.6,54.9,46.0,73.5,0.0,5.7,9.2,Partially cloudy
2021-10-27,64.5,50.3,56.5,43.4,65.1,0.001,8.3,7.8,Rain Partially cloudy
2021-10-28,67.1,44.6,54.6,37.5,54.4,0.0,6.7,12.2,Clear
2021-10-29,68.9,50.8,57.9,41.4,55.1,0.0,7.6,12.2,Partially cloudy
2021-10-30,63.8,51.9,56.8,43.7,61.9,0.0,6.5,12.3,Partially cloudy
2021-10-31,68.0,48.3,57.2,47.7,72.1,0.261,5.5,11.7,Rain Partially cloudy
2021-11-01,61.9,50.8,55.3,47.9,77.5,0.026,6.4,8.3,Rain Partially cloudy
2021-11-02,61.9,46.4,52.8,44.7,75.6,0.0,6.3,8.8,Partially cloudy
2021-11-03,62.6,45.6,53.4,43.2,70.6,0.0,6.4,9.6,Partially cloudy
2021-11-04,60.9,47.5,53.9,47.5,79.6,0.009,4.9,5.7,Rain Partially cloudy
2021-11-05,68.2,46.3,55.2,44.0,70.0,0.001,5.6,6.2,Rain
2021-11-06,70.0,48.0,57.2,43.0,61.6,0.0,5.4,9.5,Clear
2021-11-07,69.9,49.1,58.9,43.5,57.9,0.0,7.8,12.1,Partially cloudy
2021-11-08,60.0,40.4,49.1,42.7,79.5,5.649,14.9,9.8,Rain Overcast
2021-11-09,43.8,37.7,41.0,35.8,81.7,0.407,8.9,11.8,Rain Partially cloudy
2021-11-10,44.9,33.1,39.4,31.1,72.7,0.114,10.7,12.0,Rain Partially cloudy
2021-11-11,48.5,35.9,41.7,29.4,61.8,0.001,11.3,12.3,Rain Partially cloudy
2021-11-12,46.7,34.8,40.3,25.5,56.5,0.0,11.5,12.3,Clear
2021-11-13,55.5,33.1,44.0,32.9,65.5,0.0,5.8,12.3,Partially cloudy
2021-11-14,61.1,46.5,52.2,41.6,68.8,0.0,10.8,10.4,Partially cloudy
2021-11-15,60.2,42.7,50.2,40.2,71.6,0.0,6.3,8.9,Partially cloudy
2021-11-16,55.7,40.2,47.5,35.7,66.6,0.0,7.4,11.1,Clear
2021-11-17,53.8,36.5,45.3,32.9,63.9,0.0,6.8,12.2,Partially cloudy
2021-11-18,60.2,45.7,52.5,42.7,69.2,0.002,7.2,9.5,Rain Overcast
2021-11-19,61.9,51.0,55.6,50.5,83.6,0.0,7.0,3.3,Partially cloudy
2021-11-20,60.0,44.8,50.8,43.8,78.6,0.0,6.1,2.1,Partially cloudy
2021-11-21,55.7,47.4,51.1,42.6,73.2,0.001,9.9,2.9,Rain Overcast
2021-11-22,45.8,31.4,38.2,26.8,64.0,2.698,15.0,11.4,Rain Partially cloudy
2021-11-23,35.8,25.9,31.2,18.9,60.5,0.0,10.9,12.2,Partially cloudy
2021-11-24,48.2,27.7,38.4,27.1,63.6,0.0,9.1,12.3,Partially cloudy
2021-11-25,49.4,37.6,42.7,27.3,56.6,0.0,9.2,12.2,Clear
2021-11-26,44.9,31.2,37.3,22.9,56.5,0.0,8.0,12.3,Clear
2021-11-27,49.9,29.8,37.8,21.9,54.1,0.0,6.3,12.3,Clear
2021-11-28,53.6,29.8,40.5,23.7,53.1,0.0,5.2,12.2,Partially cloudy
2021-11-29,55.7,36.5,45.2,31.8,59.6,0.0,5.9,10.8,Partially cloudy
2021-11-30,47.5,34.1,43.3,37.7,81.1,6.764,13.7,8.1,Rain Overcast
2021-12-01,34.4,27.2,30.4,14.3,51.2,0.4,13.7,12.3,Snow Rain
2021-12-02,40.4,23.9,33.4,23.2,66.0,0.039,10.0,12.3,Rain Partially cloudy
2021-12-03,40.1,29.6,36.2,20.2,55.0,0.15,10.9,12.3,Rain
2021-12-04,44.0,27.4,34.3,17.0,49.8,0.0,8.6,12.4,Clear
2021-12-05,48.4,28.0,37.0,19.2,49.4,0.0,5.7,12.4,Clear
2021-12-06,53.6,30.8,41.3,27.9,60.0,0.0,5.5,12.3,Partially cloudy
2021-12-07,55.4,36.5,44.4,33.7,67.0,0.0,4.5,10.8,Clear
2021-12-08,55.6,35.6,44.0,34.2,70.1,0.0,4.4,11.7,Clear
2021-12-09,49.4,36.7,43.2,33.9,70.0,0.0,6.4,11.5,Partially cloudy
2021-12-10,46.7,42.9,44.9,38.8,79.5,0.272,6.8,9.6,Rain Overcast
2021-12-11,48.4,40.1,42.8,38.2,84.3,0.027,7.1,3.9,Rain Partially cloudy
2021-12-12,41.0,25.8,35.4,23.6,64.4,0.0,12.3,8.8,Partially cloudy
2021-12-13,35.0,21.8,27.8,8.0,43.6,0.0,8.0,12.5,Clear
2021-12-14,46.6,30.8,37.9,25.4,61.6,0.155,6.2,11.4,Rain Overcast
2021-12-15,49.4,42.0,45.0,40.7,85.3,1.093,6.2,3.2,Rain Partially cloudy
2021-12-16,49.4,39.4,43.5,34.4,72.3,0.004,9.2,5.1,Rain Partially cloudy
2021-12-17,37.7,14.3,24.1,8.0,50.5,0.0,16.3,11.3,Partially cloudy
2021-12-18,28.7,12.3,20.7,7.7,59.7,0.622,6.7,11.1,Snow Rain Partially cloudy
2021-12-19,39.2,21.7,30.5,19.8,65.6,0.546,9.6,11.6,Snow
2021-12-20,51.9,30.5,40.4,33.3,76.3,0.0,9.6,10.7,Partially cloudy
2021-12-21,47.4,34.7,42.2,33.2,73.8,0.0,8.4,6.8,Partially cloudy
2021-12-22,46.4,27.7,35.9,16.9,46.7,0.0,7.0,12.5,Clear
2021-12-23,46.6,29.4,36.6,21.3,54.7,0.0,5.1,12.4,Partially cloudy
2021-12-24,37.6,20.4,32.9,23.1,67.0,0.005,10.0,10.7,Snow Rain Partially cloudy
2021-12-25,19.1,6.2,12.1,-6.6,42.5,0.008,11.4,12.3,Snow
2021-12-26,18.6,4.4,10.1,-8.2,43.0,0.0,9.8,12.4,Clear
2021-12-27,24.9,9.2,17.7,5.1,58.0,0.0,6.1,12.4,Partially cloudy
2021-12-28,30.6,16.9,24.3,16.9,74.2,0.0,6.6,9.9,Partially cloudy
2021-12-29,42.0,25.4,32.8,25.0,73.5,0.078,11.6,7.3,Snow Rain Partially cloudy
2021-12-30,32.2,20.0,25.7,9.1,49.6,0.0,10.5,12.5,Clear
2021-12-31,24.9,16.4,20.5,-2.8,35.5,0.0,10.8,12.4,Clear
2022-01-01,35.6,13.7,23.5,4.6,44.3,0.0,5.5,12.5,Clear
